<?xml version="1.0" encoding="UTF-8"?>
<!DOCTYPE hibernate-reverse-engineering PUBLIC "-//Hibernate/Hibernate Reverse Engineering DTD 3.0//EN" "http://hibernate.org/dtd/hibernate-reverse-engineering-3.0.dtd" >

<hibernate-reverse-engineering>
  <table-filter match-catalog="aasys" match-name="al"/>
  <table-filter match-catalog="aasys" match-name="aspa"/>
  <table-filter match-catalog="aasys" match-name="ast"/>
  <table-filter match-catalog="aasys" match-name="asta"/>
  <table-filter match-catalog="aasys" match-name="est"/>
  <table-filter match-catalog="aasys" match-name="grad"/>
  <table-filter match-catalog="aasys" match-name="hro"/>
  <table-filter match-catalog="aasys" match-name="ms"/>
  <table-filter match-catalog="aasys" match-name="prf"/>
  <table-filter match-catalog="aasys" match-name="rl"/>
  <table-filter match-catalog="aasys" match-name="scn"/>
  <table-filter match-catalog="aasys" match-name="stdc"/>
  <table-filter match-catalog="aasys" match-name="tpd"/>
  <table-filter match-catalog="aasys" match-name="trn"/>
  <table-filter match-catalog="aasys" match-name="usr"/>
</hibernate-reverse-engineering>