{"name":"Springhibs","classpathEntries":[{"kind":"binary","path":"C:\\Program Files\\Java\\jdk1.8.0_201\\jre\\lib\\resources.jar","javadocContainerUrl":"https://docs.oracle.com/javase/1/docs/api/","isSystem":true,"isOwn":false,"isTest":false,"isJavaContent":false},{"kind":"binary","path":"C:\\Program Files\\Java\\jdk1.8.0_201\\jre\\lib\\rt.jar","javadocContainerUrl":"https://docs.oracle.com/javase/1/docs/api/","isSystem":true,"isOwn":false,"isTest":false,"isJavaContent":false},{"kind":"binary","path":"C:\\Program Files\\Java\\jdk1.8.0_201\\jre\\lib\\jsse.jar","javadocContainerUrl":"https://docs.oracle.com/javase/1/docs/api/","isSystem":true,"isOwn":false,"isTest":false,"isJavaContent":false},{"kind":"binary","path":"C:\\Program Files\\Java\\jdk1.8.0_201\\jre\\lib\\jce.jar","javadocContainerUrl":"https://docs.oracle.com/javase/1/docs/api/","isSystem":true,"isOwn":false,"isTest":false,"isJavaContent":false},{"kind":"binary","path":"C:\\Program Files\\Java\\jdk1.8.0_201\\jre\\lib\\charsets.jar","javadocContainerUrl":"https://docs.oracle.com/javase/1/docs/api/","isSystem":true,"isOwn":false,"isTest":false,"isJavaContent":false},{"kind":"binary","path":"C:\\Program Files\\Java\\jdk1.8.0_201\\jre\\lib\\jfr.jar","javadocContainerUrl":"https://docs.oracle.com/javase/1/docs/api/","isSystem":true,"isOwn":false,"isTest":false,"isJavaContent":false},{"kind":"binary","path":"C:\\Users\\Elena\\.m2\\repository\\org\\springframework\\spring-core\\5.2.2.RELEASE\\spring-core-5.2.2.RELEASE.jar","sourceContainerUrl":"file:/C:/Users/Elena/.m2/repository/org/springframework/spring-core/5.2.2.RELEASE/spring-core-5.2.2.RELEASE-sources.jar","javadocContainerUrl":"file:/C:/Users/Elena/.m2/repository/org/springframework/spring-core/5.2.2.RELEASE/spring-core-5.2.2.RELEASE-javadoc.jar","isSystem":false,"isOwn":false,"isTest":false,"isJavaContent":false},{"kind":"binary","path":"C:\\Users\\Elena\\.m2\\repository\\org\\springframework\\spring-jcl\\5.2.2.RELEASE\\spring-jcl-5.2.2.RELEASE.jar","sourceContainerUrl":"file:/C:/Users/Elena/.m2/repository/org/springframework/spring-jcl/5.2.2.RELEASE/spring-jcl-5.2.2.RELEASE-sources.jar","javadocContainerUrl":"file:/C:/Users/Elena/.m2/repository/org/springframework/spring-jcl/5.2.2.RELEASE/spring-jcl-5.2.2.RELEASE-javadoc.jar","isSystem":false,"isOwn":false,"isTest":false,"isJavaContent":false},{"kind":"binary","path":"C:\\Users\\Elena\\.m2\\repository\\org\\springframework\\spring-webmvc\\5.2.2.RELEASE\\spring-webmvc-5.2.2.RELEASE.jar","sourceContainerUrl":"file:/C:/Users/Elena/.m2/repository/org/springframework/spring-webmvc/5.2.2.RELEASE/spring-webmvc-5.2.2.RELEASE-sources.jar","javadocContainerUrl":"file:/C:/Users/Elena/.m2/repository/org/springframework/spring-webmvc/5.2.2.RELEASE/spring-webmvc-5.2.2.RELEASE-javadoc.jar","isSystem":false,"isOwn":false,"isTest":false,"isJavaContent":false},{"kind":"binary","path":"C:\\Users\\Elena\\.m2\\repository\\org\\springframework\\spring-aop\\5.2.2.RELEASE\\spring-aop-5.2.2.RELEASE.jar","sourceContainerUrl":"file:/C:/Users/Elena/.m2/repository/org/springframework/spring-aop/5.2.2.RELEASE/spring-aop-5.2.2.RELEASE-sources.jar","javadocContainerUrl":"file:/C:/Users/Elena/.m2/repository/org/springframework/spring-aop/5.2.2.RELEASE/spring-aop-5.2.2.RELEASE-javadoc.jar","isSystem":false,"isOwn":false,"isTest":false,"isJavaContent":false},{"kind":"binary","path":"C:\\Users\\Elena\\.m2\\repository\\org\\springframework\\spring-beans\\5.2.2.RELEASE\\spring-beans-5.2.2.RELEASE.jar","sourceContainerUrl":"file:/C:/Users/Elena/.m2/repository/org/springframework/spring-beans/5.2.2.RELEASE/spring-beans-5.2.2.RELEASE-sources.jar","javadocContainerUrl":"file:/C:/Users/Elena/.m2/repository/org/springframework/spring-beans/5.2.2.RELEASE/spring-beans-5.2.2.RELEASE-javadoc.jar","isSystem":false,"isOwn":false,"isTest":false,"isJavaContent":false},{"kind":"binary","path":"C:\\Users\\Elena\\.m2\\repository\\org\\springframework\\spring-context\\5.2.2.RELEASE\\spring-context-5.2.2.RELEASE.jar","sourceContainerUrl":"file:/C:/Users/Elena/.m2/repository/org/springframework/spring-context/5.2.2.RELEASE/spring-context-5.2.2.RELEASE-sources.jar","javadocContainerUrl":"file:/C:/Users/Elena/.m2/repository/org/springframework/spring-context/5.2.2.RELEASE/spring-context-5.2.2.RELEASE-javadoc.jar","isSystem":false,"isOwn":false,"isTest":false,"isJavaContent":false},{"kind":"binary","path":"C:\\Users\\Elena\\.m2\\repository\\org\\springframework\\spring-expression\\5.2.2.RELEASE\\spring-expression-5.2.2.RELEASE.jar","sourceContainerUrl":"file:/C:/Users/Elena/.m2/repository/org/springframework/spring-expression/5.2.2.RELEASE/spring-expression-5.2.2.RELEASE-sources.jar","javadocContainerUrl":"file:/C:/Users/Elena/.m2/repository/org/springframework/spring-expression/5.2.2.RELEASE/spring-expression-5.2.2.RELEASE-javadoc.jar","isSystem":false,"isOwn":false,"isTest":false,"isJavaContent":false},{"kind":"binary","path":"C:\\Users\\Elena\\.m2\\repository\\org\\springframework\\spring-web\\5.2.2.RELEASE\\spring-web-5.2.2.RELEASE.jar","sourceContainerUrl":"file:/C:/Users/Elena/.m2/repository/org/springframework/spring-web/5.2.2.RELEASE/spring-web-5.2.2.RELEASE-sources.jar","javadocContainerUrl":"file:/C:/Users/Elena/.m2/repository/org/springframework/spring-web/5.2.2.RELEASE/spring-web-5.2.2.RELEASE-javadoc.jar","isSystem":false,"isOwn":false,"isTest":false,"isJavaContent":false},{"kind":"binary","path":"C:\\Users\\Elena\\.m2\\repository\\jstl\\jstl\\1.2\\jstl-1.2.jar","isSystem":false,"isOwn":false,"isTest":false,"isJavaContent":false},{"kind":"binary","path":"C:\\Users\\Elena\\.m2\\repository\\mysql\\mysql-connector-java\\5.1.46\\mysql-connector-java-5.1.46.jar","sourceContainerUrl":"file:/C:/Users/Elena/.m2/repository/mysql/mysql-connector-java/5.1.46/mysql-connector-java-5.1.46-sources.jar","isSystem":false,"isOwn":false,"isTest":false,"isJavaContent":false},{"kind":"binary","path":"C:\\Users\\Elena\\.m2\\repository\\org\\hibernate\\hibernate-core\\5.2.18.Final\\hibernate-core-5.2.18.Final.jar","sourceContainerUrl":"file:/C:/Users/Elena/.m2/repository/org/hibernate/hibernate-core/5.2.18.Final/hibernate-core-5.2.18.Final-sources.jar","isSystem":false,"isOwn":false,"isTest":false,"isJavaContent":false},{"kind":"binary","path":"C:\\Users\\Elena\\.m2\\repository\\org\\jboss\\logging\\jboss-logging\\3.3.1.Final\\jboss-logging-3.3.1.Final.jar","sourceContainerUrl":"file:/C:/Users/Elena/.m2/repository/org/jboss/logging/jboss-logging/3.3.1.Final/jboss-logging-3.3.1.Final-sources.jar","javadocContainerUrl":"file:/C:/Users/Elena/.m2/repository/org/jboss/logging/jboss-logging/3.3.1.Final/jboss-logging-3.3.1.Final-javadoc.jar","isSystem":false,"isOwn":false,"isTest":false,"isJavaContent":false},{"kind":"binary","path":"C:\\Users\\Elena\\.m2\\repository\\org\\hibernate\\javax\\persistence\\hibernate-jpa-2.1-api\\1.0.0.Final\\hibernate-jpa-2.1-api-1.0.0.Final.jar","sourceContainerUrl":"file:/C:/Users/Elena/.m2/repository/org/hibernate/javax/persistence/hibernate-jpa-2.1-api/1.0.0.Final/hibernate-jpa-2.1-api-1.0.0.Final-sources.jar","javadocContainerUrl":"file:/C:/Users/Elena/.m2/repository/org/hibernate/javax/persistence/hibernate-jpa-2.1-api/1.0.0.Final/hibernate-jpa-2.1-api-1.0.0.Final-javadoc.jar","isSystem":false,"isOwn":false,"isTest":false,"isJavaContent":false},{"kind":"binary","path":"C:\\Users\\Elena\\.m2\\repository\\org\\javassist\\javassist\\3.22.0-GA\\javassist-3.22.0-GA.jar","sourceContainerUrl":"file:/C:/Users/Elena/.m2/repository/org/javassist/javassist/3.22.0-GA/javassist-3.22.0-GA-sources.jar","javadocContainerUrl":"file:/C:/Users/Elena/.m2/repository/org/javassist/javassist/3.22.0-GA/javassist-3.22.0-GA-javadoc.jar","isSystem":false,"isOwn":false,"isTest":false,"isJavaContent":false},{"kind":"binary","path":"C:\\Users\\Elena\\.m2\\repository\\antlr\\antlr\\2.7.7\\antlr-2.7.7.jar","isSystem":false,"isOwn":false,"isTest":false,"isJavaContent":false},{"kind":"binary","path":"C:\\Users\\Elena\\.m2\\repository\\org\\jboss\\spec\\javax\\transaction\\jboss-transaction-api_1.2_spec\\1.0.1.Final\\jboss-transaction-api_1.2_spec-1.0.1.Final.jar","sourceContainerUrl":"file:/C:/Users/Elena/.m2/repository/org/jboss/spec/javax/transaction/jboss-transaction-api_1.2_spec/1.0.1.Final/jboss-transaction-api_1.2_spec-1.0.1.Final-sources.jar","javadocContainerUrl":"file:/C:/Users/Elena/.m2/repository/org/jboss/spec/javax/transaction/jboss-transaction-api_1.2_spec/1.0.1.Final/jboss-transaction-api_1.2_spec-1.0.1.Final-javadoc.jar","isSystem":false,"isOwn":false,"isTest":false,"isJavaContent":false},{"kind":"binary","path":"C:\\Users\\Elena\\.m2\\repository\\org\\jboss\\jandex\\2.0.3.Final\\jandex-2.0.3.Final.jar","sourceContainerUrl":"file:/C:/Users/Elena/.m2/repository/org/jboss/jandex/2.0.3.Final/jandex-2.0.3.Final-sources.jar","isSystem":false,"isOwn":false,"isTest":false,"isJavaContent":false},{"kind":"binary","path":"C:\\Users\\Elena\\.m2\\repository\\com\\fasterxml\\classmate\\1.3.0\\classmate-1.3.0.jar","sourceContainerUrl":"file:/C:/Users/Elena/.m2/repository/com/fasterxml/classmate/1.3.0/classmate-1.3.0-sources.jar","javadocContainerUrl":"file:/C:/Users/Elena/.m2/repository/com/fasterxml/classmate/1.3.0/classmate-1.3.0-javadoc.jar","isSystem":false,"isOwn":false,"isTest":false,"isJavaContent":false},{"kind":"binary","path":"C:\\Users\\Elena\\.m2\\repository\\org\\dom4j\\dom4j\\2.1.1\\dom4j-2.1.1.jar","sourceContainerUrl":"file:/C:/Users/Elena/.m2/repository/org/dom4j/dom4j/2.1.1/dom4j-2.1.1-sources.jar","javadocContainerUrl":"file:/C:/Users/Elena/.m2/repository/org/dom4j/dom4j/2.1.1/dom4j-2.1.1-javadoc.jar","isSystem":false,"isOwn":false,"isTest":false,"isJavaContent":false},{"kind":"binary","path":"C:\\Users\\Elena\\.m2\\repository\\org\\hibernate\\common\\hibernate-commons-annotations\\5.0.1.Final\\hibernate-commons-annotations-5.0.1.Final.jar","sourceContainerUrl":"file:/C:/Users/Elena/.m2/repository/org/hibernate/common/hibernate-commons-annotations/5.0.1.Final/hibernate-commons-annotations-5.0.1.Final-sources.jar","isSystem":false,"isOwn":false,"isTest":false,"isJavaContent":false},{"kind":"binary","path":"C:\\Users\\Elena\\.m2\\repository\\org\\springframework\\spring-orm\\5.2.2.RELEASE\\spring-orm-5.2.2.RELEASE.jar","sourceContainerUrl":"file:/C:/Users/Elena/.m2/repository/org/springframework/spring-orm/5.2.2.RELEASE/spring-orm-5.2.2.RELEASE-sources.jar","javadocContainerUrl":"file:/C:/Users/Elena/.m2/repository/org/springframework/spring-orm/5.2.2.RELEASE/spring-orm-5.2.2.RELEASE-javadoc.jar","isSystem":false,"isOwn":false,"isTest":false,"isJavaContent":false},{"kind":"binary","path":"C:\\Users\\Elena\\.m2\\repository\\org\\springframework\\spring-jdbc\\5.2.2.RELEASE\\spring-jdbc-5.2.2.RELEASE.jar","sourceContainerUrl":"file:/C:/Users/Elena/.m2/repository/org/springframework/spring-jdbc/5.2.2.RELEASE/spring-jdbc-5.2.2.RELEASE-sources.jar","javadocContainerUrl":"file:/C:/Users/Elena/.m2/repository/org/springframework/spring-jdbc/5.2.2.RELEASE/spring-jdbc-5.2.2.RELEASE-javadoc.jar","isSystem":false,"isOwn":false,"isTest":false,"isJavaContent":false},{"kind":"binary","path":"C:\\Users\\Elena\\.m2\\repository\\org\\springframework\\spring-tx\\5.2.2.RELEASE\\spring-tx-5.2.2.RELEASE.jar","sourceContainerUrl":"file:/C:/Users/Elena/.m2/repository/org/springframework/spring-tx/5.2.2.RELEASE/spring-tx-5.2.2.RELEASE-sources.jar","javadocContainerUrl":"file:/C:/Users/Elena/.m2/repository/org/springframework/spring-tx/5.2.2.RELEASE/spring-tx-5.2.2.RELEASE-javadoc.jar","isSystem":false,"isOwn":false,"isTest":false,"isJavaContent":false},{"kind":"binary","path":"C:\\Users\\Elena\\.m2\\repository\\org\\apache\\tomcat\\tomcat-dbcp\\9.0.30\\tomcat-dbcp-9.0.30.jar","sourceContainerUrl":"file:/C:/Users/Elena/.m2/repository/org/apache/tomcat/tomcat-dbcp/9.0.30/tomcat-dbcp-9.0.30-sources.jar","isSystem":false,"isOwn":false,"isTest":false,"isJavaContent":false},{"kind":"binary","path":"C:\\Users\\Elena\\.m2\\repository\\org\\apache\\tomcat\\tomcat-juli\\9.0.30\\tomcat-juli-9.0.30.jar","sourceContainerUrl":"file:/C:/Users/Elena/.m2/repository/org/apache/tomcat/tomcat-juli/9.0.30/tomcat-juli-9.0.30-sources.jar","isSystem":false,"isOwn":false,"isTest":false,"isJavaContent":false},{"kind":"source","path":"C:\\Users\\Elena\\Documents\\eclipsePro\\Springhibs\\src","outputFolder":"C:\\Users\\Elena\\Documents\\eclipsePro\\Springhibs\\target\\classes","javadocContainerUrl":"file:/C:/Users/Elena/Documents/eclipsePro/Springhibs/target/site/apidocs","isSystem":false,"isOwn":true,"isTest":false,"isJavaContent":true},{"kind":"source","path":"C:\\Users\\Elena\\Documents\\eclipsePro\\Springhibs\\src\\main\\resources","outputFolder":"C:\\Users\\Elena\\Documents\\eclipsePro\\Springhibs\\target\\classes","isSystem":false,"isOwn":true,"isTest":false,"isJavaContent":false},{"kind":"source","path":"C:\\Users\\Elena\\Documents\\eclipsePro\\Springhibs\\src\\test\\resources","outputFolder":"C:\\Users\\Elena\\Documents\\eclipsePro\\Springhibs\\target\\test-classes","isSystem":false,"isOwn":true,"isTest":true,"isJavaContent":false},{"kind":"source","path":"C:\\Users\\Elena\\Documents\\eclipsePro\\Springhibs\\src\\test\\java","outputFolder":"C:\\Users\\Elena\\Documents\\eclipsePro\\Springhibs\\target\\test-classes","javadocContainerUrl":"file:/C:/Users/Elena/Documents/eclipsePro/Springhibs/target/site/apidocs","isSystem":false,"isOwn":true,"isTest":false,"isJavaContent":false}]}